,open_r,high_r,low_r,close_r,volume_r,ma_7_r,ma_15_r,ma_30_r
2021-12-30 09:00:00,0.9798836271262079,0.9909807191600156,0.9955869373345102,1.0019443325334128,0.6850945663661099,1.0455894105894106,1.040285547785548,1.070256993006993
2021-12-31 09:00:00,1.0025223773406435,1.0099428159291124,0.9970390070921986,0.9927272727272727,0.9007008174207319,1.040280461296945,1.044345825115056,1.0697901991171221
2022-01-01 09:00:00,0.9921548756836092,0.9908011970346188,1.0094072875357887,1.0199175824175823,0.5298713338110944,1.0119189452522785,1.0237543526432415,1.0416328527439638
2022-01-02 09:00:00,1.0199175824175823,1.0004976746580632,1.00595468799549,0.9933695933695934,1.3574229742253276,1.0088995498079296,1.029578256360339,1.0424889769573507
2022-01-03 09:00:00,0.9935249935249936,0.990548885077187,0.9830647985989492,0.9845300794354348,1.7673296337256343,1.012477079954702,1.0437692366542493,1.0555945928449946
2022-01-04 09:00:00,0.9843587069864442,0.9988917557013974,0.9976306272602569,0.9890891756854575,0.9601087367812873,1.017905911092638,1.0529175517198293,1.0637559573746498
2022-01-05 09:00:00,0.9891066384180791,0.9898587154372888,0.9410892857142857,0.9612837584563483,1.5357862310257906,1.0503212389051881,1.0876876988400739,1.1011698295391243
2022-01-06 09:00:00,0.9612837584563483,0.9509632224168126,0.9940608337602702,0.9885802354514056,0.6872343372461602,1.0518255950927489,1.0920953937276558,1.1076510327642017
2022-01-07 09:00:00,0.988598804174249,0.9826519337016575,0.9715965488279759,0.9663780311425835,1.1753036294949453,1.0736068728255166,1.1170803449370574,1.1392116464848685
2022-01-08 09:00:00,0.9663598797896319,0.9878368754451067,0.9986051080550098,1.0134696495558708,0.5554716227058368,1.0435212633632334,1.0897075933668317,1.1194149310216972
2022-01-09 09:00:00,1.0134696495558708,0.9979320419662676,1.0061972496016054,0.9911012235817576,0.8077240898098009,1.0367108413085424,1.0872376381954925,1.1243024110840203
2022-01-10 09:00:00,0.9909861531970389,0.988574144486692,0.9560652275926795,0.9916405433646813,2.3613047122228714,1.030410735890188,1.0831063237455931,1.1271578919980747
2022-01-11 09:00:00,0.9919298653042267,1.009500182695821,1.0309016913103053,1.0207040549506303,0.7305948330345294,0.999360915911282,1.0494095755188917,1.0980862982010056
2022-01-12 09:00:00,1.0205053165544824,1.0276608309679385,1.0276146643389938,1.019920851893628,0.966561539544876,0.9784893544664113,1.0227583147450436,1.0733415809106075
2022-01-13 09:00:00,1.0199403510113563,0.9999073130039855,1.0001737451737451,0.9725580610695608,0.9733260803628352,1.0023706273489448,1.0449301339500818,1.098458770999968
2022-01-14 09:00:00,0.9725580610695608,0.9768446421950315,0.9845779690787315,1.006649320612894,0.919929023204039,0.997885725226334,1.0316842172442402,1.0854796094198735
2022-01-15 09:00:00,1.006649320612894,1.0037957146381735,1.0170162713193491,1.0024315527474632,0.5158952641040728,0.9960518309736179,1.0235447663795354,1.078097166249658
2022-01-16 09:00:00,1.0024315527474632,0.9951409502561872,1.0013493195574232,0.9963328685753576,0.8213442140901406,1.0010516082211662,1.0199635771110898,1.0782817342407105
2022-01-17 09:00:00,0.9963328685753576,0.9936542919025725,0.9783244783244783,0.9860251126234065,1.456411587948374,1.0157671669647717,1.0265196878969334,1.0890498224330558
2022-01-18 09:00:00,0.9860059426818748,0.9866156787762906,0.9876037936326788,0.9950034994945175,1.254638985244848,1.0177193212617899,1.0245595524205893,1.0898617271406892
2022-01-19 09:00:00,0.995100612423447,0.9960271317829458,0.9959356072680905,0.98346978252799,1.236454816225261,1.026265074603143,1.0342439353903006,1.1030953847376472
2022-01-20 09:00:00,0.9833929234316081,1.0187956026850862,0.9917380171241098,0.9863906383485983,1.435886635606183,1.0339878458634502,1.042865775056397,1.111349231926093
2022-01-21 09:00:00,0.9854369896489381,0.954928286319971,0.8996469994957136,0.9127457299387689,1.8845732622362237,1.1110361524784687,1.130902992320593,1.2069695766028188
2022-01-22 09:00:00,0.9136290322580645,0.9124217515649687,0.9558071748878924,0.9571674463765557,0.9452286682340071,1.1311716755866612,1.1691004803073968,1.2470593659942364
2022-01-23 09:00:00,0.9571895136375673,0.9754066020779448,1.0022519880832297,1.020242074927954,0.5005249522963892,1.0831872576839021,1.1340202924095542,1.2089952470265668
2022-01-24 09:00:00,1.0202646624861675,1.0247191011235954,0.9566062024575775,1.010801527580051,1.7817292258640778,1.0501984881050854,1.1115482923848485,1.1838203184964937
2022-01-25 09:00:00,1.011501525251384,0.9993859649122807,1.0645934770375083,1.0039793431848159,0.6315162758213453,1.0260908567484086,1.0977354205170455,1.166838124503626
2022-01-26 09:00:00,1.003149852560093,1.0414289475994032,1.023189538277677,1.0042530450466498,1.4623525623437146,1.0051694646816598,1.0824331116038433,1.149769401330377
2022-01-27 09:00:00,1.0043425008350964,0.9659502739148756,0.9835130278526505,1.015720620842572,0.738155919998513,0.977640076965537,1.0547068625524822,1.122903796197254
2022-01-28 09:00:00,1.0155210643015522,1.0228165081581013,1.0290960581007629,1.0170053919535462,0.7431953337333336,0.9651933667774658,1.029491142211156,1.0966142926647777
2022-01-29 09:00:00,1.017292576419214,1.018255491576029,1.0248557478917,1.0119773332188546,0.71519450598344,0.9651962596432966,1.010117507317694,1.0765268174040923
2022-01-30 09:00:00,1.0118475274725274,0.9948477359359946,1.0068860978778693,1.0013150638442285,0.7208201778365672,0.9728708209262353,1.0015195164661357,1.0683514093656443
2022-01-31 09:00:00,1.0013575428474462,1.0030947368421053,0.9812034926233386,1.0012286053211321,1.5874132608548626,0.979338817996627,0.993380724692873,1.059530458821704
2022-02-01 09:00:00,1.0020335536349771,1.0130753247843516,1.0272882693319305,1.0104514873270427,0.8660017437296559,0.9777368987796123,0.9779745951982133,1.041751814628699
2022-02-02 09:00:00,1.0101471334348047,0.9923347835094262,0.9686786575348312,0.9530360134003351,1.18783431932095,1.02722687598668,1.0178746402443044,1.0849411575162393
2022-02-03 09:00:00,0.9525782688766115,0.9582463465553236,0.9861016277174511,1.006986400685458,0.7000776011207942,1.0201810843242063,1.0042703901676304,1.0700047271008326
2022-02-04 09:00:00,1.006964277868096,1.1076906318082789,1.0163055617601071,1.10467982982437,2.2719695705808527,0.9349210424596043,0.9104023067959631,0.9664902336420911
2022-02-05 09:00:00,1.104243482055198,1.012686112149165,1.1036483516483517,1.003061244642822,0.7540023965644524,0.942312019712193,0.9148066472395054,0.9619319524297079
2022-02-06 09:00:00,1.0034576097050165,1.0103713486637662,1.0036641707822207,1.018587067811294,0.7201659234917704,0.9376097690293933,0.9088829609010542,0.9445610711616279
2022-02-07 09:00:00,1.0175238245254785,1.040136865172427,1.0135714285714286,1.0343887729065182,1.5854373134952173,0.9231106020924936,0.8902007686893038,0.9140114493593217
2022-02-08 09:00:00,1.0354696389179148,1.0223803363518758,1.0242933208049487,1.002616284502252,1.6835205695483253,0.9363878186267331,0.8989618087267711,0.9128521990891751
2022-02-09 09:00:00,1.002616284502252,0.9761211836373167,1.0044911610129001,1.0001677508340945,0.46356535801924603,0.9579095894787285,0.909683190458442,0.9141986582184122
2022-02-10 09:00:00,1.0001491118525283,1.0255555555555556,1.0008371385083714,0.9899925456578457,1.8135580743601734,0.9871914505688953,0.9289472858586049,0.923951960544397
2022-02-11 09:00:00,0.9884641905365362,0.9635969664138678,0.9752110105695384,0.9766391205315965,0.6745986165432291,1.0142438610693496,0.9589709982909937,0.9451100574380324
2022-02-12 09:00:00,0.9780354449472096,0.9800427254328761,0.9909356725146199,0.9945067653521452,0.7641156916786663,1.0220860016778384,0.970739900898631,0.9501443882396263
2022-02-13 09:00:00,0.9950650602409639,0.9979158301305953,1.0111143896921413,0.9990890943271896,0.5849047336718425,1.0225135097686018,0.97732040090527,0.9505709666989978
2022-02-14 09:00:00,0.9986632828997075,0.997145046943859,0.9872373540856031,1.000698351115422,1.553863681304148,1.0164690309109337,0.9822962302433478,0.9494094004833353
2022-02-15 09:00:00,1.000698351115422,1.0376049653158086,1.0141494560933313,1.0435389446749117,1.1271482923529694,0.9745398382268646,0.949443949076138,0.9108299895972656
2022-02-16 09:00:00,1.043597099988369,0.9971110041112634,1.0253973805915044,0.9900802496656264,0.9556791695881524,0.9833336013680491,0.9658836479167447,0.9211202421604312
2022-02-17 09:00:00,0.9900250766230148,0.9943909958768248,0.9324224449961152,0.9264137491087846,1.6621019980454943,1.050600060179613,1.0478154028947937,0.993068832361201
2022-02-18 09:00:00,0.9264137491087846,0.9375980575270826,0.9830498140357296,0.9926887556707712,0.7243136056910016,1.0499817840019818,1.0598578666394642,0.9994865517358632
2022-02-19 09:00:00,0.9924659753726507,0.9810952409410546,0.9979739089085985,1.0004080383556053,0.5261423469531017,1.0420894696208247,1.057252982563475,0.9986621800754563
2022-02-20 09:00:00,1.0006326014202922,0.9956954314720812,0.966418760746618,0.9611705924339757,1.9036539673012831,1.0707935632295396,1.094791114128705,1.0402898304725128
2022-02-21 09:00:00,0.9612113796267971,0.9814429626004323,0.9677813504823151,0.9643334535655937,1.4273971234862028,1.0911111111111111,1.126068206820682,1.0802874954162083
2022-02-22 09:00:00,0.9642925338934505,0.9701836768617021,0.9911179037366824,1.0225302530253024,0.6946254260887085,1.0444518901505604,1.0911620834588516,1.0580776348065586
2022-02-23 09:00:00,1.023102310231023,1.0179255991262073,1.0122245563849284,0.9799672935404743,1.154306804058799,1.041477285202995,1.1015992212487833,1.0803014001419904
2022-02-24 09:00:00,0.9781290322580645,1.0098884914790658,0.9401011193782703,1.0303888632720726,2.429272075315579,1.003306046777822,1.0595449670054908,1.0498739176451368
2022-02-25 09:00:00,1.0301431304003694,1.0104166666666667,1.0933536871770784,1.0192639631768492,0.5042206832762516,0.9808074261462232,1.0321437282654902,1.0319346588335319
2022-02-26 09:00:00,1.0208306654714645,1.0105154639175258,1.0138545806035872,0.9995400472496916,0.5696745835161137,0.9775953720608492,1.0269391397714518,1.0338039560194385
2022-02-27 09:00:00,1.000418147606105,0.9911446643542134,0.968114406779661,0.9696500658871761,1.3325173211448944,1.0058119110278394,1.0515480966967226,1.0659965198383594
2022-02-28 09:00:00,0.9689237199582027,1.0929059617918313,1.0085567348725244,1.1288666465335002,1.7596993605595748,0.9097793210382066,0.9325040128410915,0.9476101301943999
2022-03-01 09:00:00,1.1287449043418243,1.031795663885174,1.1284120991190383,1.0278605824352214,1.053481329002397,0.9045494382917696,0.9099597198983702,0.9260035942244532
2022-03-02 09:00:00,1.027841473668119,1.000949303539807,1.0150949926928698,0.9919873582450269,0.702031433424088,0.9327814560671249,0.9167188290635132,0.9372895544019441
2022-03-03 09:00:00,0.9920058004424697,0.9795910923051669,0.9702589554642066,0.9715699319702393,0.7410450368092029,0.9736203960385127,0.9416714890114837,0.9673411519617299
2022-03-04 09:00:00,0.9721883843400364,0.9672686650530627,0.9385384330033777,0.9345704255237066,1.446429600033311,1.043609022556391,1.0063240454076368,1.0370829033367732
2022-03-05 09:00:00,0.9339759036144578,0.9405990144748999,0.9946537413409332,1.0031991744066047,0.6030580037664118,1.0426205416844239,1.0025525494633611,1.0356753420429996
2022-03-06 09:00:00,1.0033023735810114,1.0032333319690583,0.9884134353954909,0.9823063470836334,0.9739270946038493,1.0655506186137667,1.0188096484797708,1.0523140293922575
2022-03-07 09:00:00,0.9829664678049784,0.9972666449086162,0.9844477359289039,0.9930882814954446,1.429328145699929,1.0581521821003,1.0262996941896025,1.057266687757039
2022-03-08 09:00:00,0.9912519358754343,0.998159132746983,1.016442772702848,1.016830117051566,0.6920163833991173,1.024113235612209,1.0131333872606973,1.0373343289154378
2022-03-09 09:00:00,1.0179250063339245,1.0717213114754098,1.0182491012899133,1.0696285234272913,1.963770367390752,0.9524917587744813,0.9537702798784824,0.9685534225324801
2022-03-10 09:00:00,1.0696492647211333,0.9912810707456979,1.0028658650551368,0.9485553616443669,1.0707705386084123,0.9956077203659844,1.010096012974358,1.0178567778073062
2022-03-11 09:00:00,0.9488084388512924,0.9632937273358537,0.9898738895446356,0.9876934399084163,0.7076436429748525,1.0076137254032318,1.0245969160716133,1.0268515643864915
2022-03-12 09:00:00,0.9873904068995115,0.9831200816964017,1.008367850717543,1.0038290386008486,0.3804422277634122,1.003460972017673,1.0216082474226804,1.0197573883161513
2022-03-13 09:00:00,1.0038498157883844,0.9960487188887531,0.9814945437948633,0.9795876288659794,1.523479985005631,1.023664190997384,1.0424766715779135,1.037939381182909
2022-03-14 09:00:00,0.979381443298969,1.0124938655324718,0.9973789896427816,1.0349610608292992,1.5459920986136626,0.9941864687954863,1.0110756340119176,1.0012331116579556
2022-03-15 09:00:00,1.0360421052631579,0.9973341411693426,1.0126096723604459,0.989200951780521,0.8830216045366303,1.006294055451128,1.0170531798245614,1.0101692708333334
2022-03-16 09:00:00,0.9877468910021946,1.0389607759755382,1.012996797890375,1.0359580592105264,2.2499092432597596,0.9680173960870145,0.9772516488387016,0.9743144998577732
2022-03-17 09:00:00,1.0366804501224054,0.9959459722844836,1.0257220776000993,0.9936494076088035,0.5103922144672822,0.9774910623339791,0.9791168187900697,0.9780363098923486
2022-03-18 09:00:00,0.9935902524210192,1.0023679524061135,0.9954881463129696,1.0140006790628933,0.9879362657272156,0.970902388924843,0.9641901385332546,0.9628724312257896
2022-03-19 09:00:00,1.0133216161696859,1.001561889886763,1.024118325475993,1.0093559188497143,0.7882220416563821,0.9695552179306691,0.9588889973005496,0.9551631053436108
2022-03-20 09:00:00,1.0100323241879534,1.0009746588693957,0.9878692087325891,0.9847204605327349,0.8073588176239833,0.9929565104151922,0.9762210508237221,0.9709398491273962
2022-03-21 09:00:00,0.9848960874231633,0.9884323271665044,0.9966200675986481,0.9933811580991637,1.091033227039644,1.0022998267292873,0.9858947760400043,0.9781359719119055
2022-03-22 09:00:00,0.993204018149036,1.032311450862952,1.0036322042061325,1.0314395148420046,1.8999564137438498,0.9802142967662076,0.9613737170560627,0.9512694053329208
2022-03-23 09:00:00,1.0311402808809447,0.9968699900755783,1.0220942554935717,1.0083939347052453,0.6305147411360845,0.9768471583654368,0.958389913946322,0.94762681089928
2022-03-24 09:00:00,1.0086865677416859,1.022668096186246,1.0133416800344301,1.0158809313744295,1.3771749321061155,0.9693900669432142,0.9451648227164596,0.9368985135118125
2022-03-25 09:00:00,1.0147493191146573,1.0193574958813838,1.0173745173745175,1.0155760299059775,0.7778974960910026,0.962545513455517,0.9367093627806387,0.927640311576286
2022-03-26 09:00:00,1.0175591131608295,0.9961616161616161,1.0133206831119546,1.0020635422282538,0.587755267793021,0.9676052306566945,0.9416904753070388,0.9300434121182888
2022-03-27 09:00:00,1.0009658964261832,1.036135027009089,1.0050934421931763,1.0379763274090015,1.6024391184072473,0.9462137712151116,0.9161128885234767,0.9008525621548196
2022-03-28 09:00:00,1.0380047505938241,1.0262806711624348,1.040112531206916,1.0172478507211926,1.1934856471197628,0.9472035502186256,0.9115952723992925,0.8909108479460238
2022-03-29 09:00:00,1.0172339816933638,0.9976074066368459,1.010084726028624,1.0012474962223705,1.0399632781218355,0.959262462552802,0.9196010646076452,0.8960170805182651
2022-03-30 09:00:00,1.001493848857645,0.9923531456378172,0.9933498847313353,0.9935948056506098,0.6239256509693767,0.9767548064792855,0.9349252325444484,0.904317673378076
2022-03-31 09:00:00,0.9931385452312012,1.0022241681260946,0.9859858966348299,0.977605086541858,1.2430901694668803,1.0052882332294097,0.9623199402611168,0.9259743700920172
2022-04-01 09:00:00,0.977683146623317,0.9923637443863911,0.9821835958718088,1.018373319843908,1.3133447954801076,0.9936844719615392,0.9524088299124224,0.91104803467627
2022-04-02 09:00:00,1.0179826860168801,1.0098608910019369,1.0292187442392067,0.9943408611116039,0.5750193921368745,1.0048145788199312,0.964109426107642,0.9187356526910497
2022-04-03 09:00:00,0.9943187870610375,1.002615518744551,0.9999820888037112,1.0105084745762711,0.9832996067585791,0.996105661671791,0.9604324464297275,0.9140009534066632
2022-04-04 09:00:00,1.0105345855801164,0.9965217391304347,0.9942683145262404,1.0073447624428398,1.549673480030818,0.9891958886788437,0.9611334092834399,0.912273537230158
2022-04-05 09:00:00,1.0083574810940703,1.006020942408377,1.0100882723833544,0.984225747086145,0.7820537163842839,1.0029382957884427,0.9836927551716973,0.9318867420532455
2022-04-06 09:00:00,0.9846852056282746,0.9770665278862,0.9458533975387908,0.9450983883892796,1.4644938961846115,1.0516495111761919,1.0425547683649885,0.9895739121696312
2022-04-07 09:00:00,0.9444256606459649,0.9647923583615929,0.9947203680657691,1.0139810069339765,0.7901238835278223,1.0330662759027125,1.0302560671944103,0.9793987933747104
2022-04-08 09:00:00,1.0139621646065722,1.0066249539933751,1.0008340599764947,0.9836473780057234,0.9569752474684938,1.0409701569069838,1.0473432324529917,0.9965397161244821
2022-04-09 09:00:00,0.9836656569973798,0.9754113345521024,0.9991666350998144,1.0061208297124722,0.4398616096297412,1.0271481682161767,1.0403044300073854,0.9931941367181144
2022-04-10 09:00:00,1.0068198133524766,1.0111517196139068,0.9944648747014444,0.9917571069135154,1.0157528438126588,1.0253534307189243,1.0475838871113299,1.004291385044523
2022-04-11 09:00:00,0.9906933108171498,0.9835032437442076,0.9532614082574054,0.9475756829928624,2.351320140900523,1.0620864849436278,1.0976836496836497,1.060885780885781
2022-04-12 09:00:00,0.9479346199738632,0.9648511119487373,0.9919616076784643,1.0105294705294705,0.8787348390473056,1.0352644765124746,1.0778931134705498,1.051852950287021
2022-04-13 09:00:00,1.0105294705294705,1.0146889344662564,1.0066118368005161,1.0222037685113787,0.7051368229291486,1.008985907709312,1.0476647324306898,1.030635718891038
2022-04-14 09:00:00,1.0211163176938134,0.999903748050898,1.0012816404998397,0.9718568665377176,0.9715043044858689,1.0280568073582304,1.0695445649650048,1.0615457591136763
2022-04-15 09:00:00,0.973472746635686,0.9873705286665897,1.00158,1.0120409991043886,0.6974078841658418,1.0099705014749263,1.050917076368404,1.0492179613241561
2022-04-16 09:00:00,1.010581800099453,0.9963732792574972,1.003434573374069,0.9944346116027531,0.5690082551971378,1.0080204763693996,1.0491493134521197,1.0554182240064338
2022-04-17 09:00:00,0.9952762414627906,0.992133072407045,0.992039959403793,0.9880356754405046,1.2779369046580513,1.0120577353074052,1.053730168261212,1.0676594211600816
2022-04-18 09:00:00,0.9880356754405046,1.0116769892303443,0.9754267717799041,1.0175533405388095,2.420564908208925,0.9968162799650437,1.027947048525738,1.048975524039943
2022-04-19 09:00:00,1.0161322605179937,1.0119711444726067,1.039567309669724,1.0121756918900844,0.7074482544042107,0.9872711726067861,1.0083304183346937,1.0370023449544612
2022-04-20 09:00:00,1.0136109360226915,1.0081303945745992,1.0091988130563798,0.9986396673014886,0.9913240237274286,0.9877486683939553,1.003519628447627,1.0392322461793932
2022-04-21 09:00:00,0.999553042227793,1.0143141077093605,0.9850044104675095,0.9886549388962403,1.6276994810459822,1.0006579779830445,1.012060492733655,1.0505678574943411
2022-04-22 09:00:00,0.9877323275526868,0.9609043805934998,0.9855920398009951,0.9829150674146245,0.7288458173049378,1.0154394537116767,1.024476173311706,1.067359539686672
2022-04-23 09:00:00,0.9829150674146245,0.986078431372549,0.9987885151233695,0.9960950798005487,0.5756815612369814,1.0170508394745459,1.0242142790130406,1.069383351426695
2022-04-24 09:00:00,0.9957146003964996,0.9984291111552993,0.9966441596247928,0.9975473442965703,0.8705981730206241,1.0185668221339321,1.021844686282413,1.069210667741502
2022-04-25 09:00:00,0.997928524023088,1.0155742765529465,0.9858012170385395,1.0200322450624748,2.5376784182942798,0.9979282976477429,0.9988725122166463,1.0460472069651348
2022-04-26 09:00:00,1.0200322450624748,1.0039221069558566,0.9938271604938271,0.9637056940767377,0.9909923580331599,1.0276594062189732,1.0347513513882909,1.080541375375006
2022-04-27 09:00:00,0.962540008693247,0.9786494247260368,1.0055486542443064,1.0241302253111098,0.6651435926676721,0.9993451117885598,1.0095394429541846,1.0504377360504997
2022-04-28 09:00:00,1.0253704996100004,1.023932135728543,1.02260747817493,1.012531529006686,1.1380816914966632,0.9863412980850703,0.9955687359957822,1.0332160274153157
2022-04-29 09:00:00,1.012531529006686,0.9908380280317355,0.9948858373937906,0.983214709371293,0.9022855548796076,1.0025882102856223,1.011875892300577,1.046237424007829
2022-04-30 09:00:00,0.983214709371293,0.9827657439650593,0.9965797781915324,0.9909915344553699,0.7296348100425397,1.0103715856815303,1.0189544738212637,1.0516432305933758
2022-05-01 09:00:00,0.9909915344553699,0.9933337337096871,0.9849115610340556,1.0020290972546315,1.3869228714835486,1.007639991784333,1.0152927120669055,1.0447981424106811
2022-05-02 09:00:00,1.0020290972546315,1.0118903667875856,1.0125773195876289,1.0027742340481542,0.9068916098651492,1.0016962843295638,1.0118887991383954,1.0375121163166396
2022-05-03 09:00:00,1.002389486260454,0.9894045010953993,0.9903889228263083,0.9849959612277868,1.0538314529496449,1.0169547122619267,1.0244842172882027,1.0479433612836653
2022-05-04 09:00:00,0.985273024787378,1.0265912476347678,1.0017270446975617,1.037702195706993,1.4169429904185438,0.9818747318747318,0.9861532585216797,1.0056286549707603
2022-05-05 09:00:00,1.038116132207004,0.9967254259887449,0.9656418045236238,0.9413426584479216,1.6033747067019828,1.0342638870982732,1.042368529673082,1.0623397065922304
2022-05-06 09:00:00,0.9411230273942841,0.940352533836953,0.9821884033327666,0.9870715889772703,0.6506870945372049,1.0396091331857102,1.050671542883063,1.0719723870071514
2022-05-07 09:00:00,0.9869884575026233,0.9859832635983263,0.9966241073360744,0.9888584125364122,0.4240935953540345,1.0427954009995424,1.0575927638133327,1.0788132252492455
2022-05-08 09:00:00,0.9888794386561769,0.986950986632718,0.9689494940721761,0.9626507837529834,2.379200646892271,1.0685344139889594,1.0912218003127094,1.1145908718635993
2022-05-09 09:00:00,0.9625002687767433,0.9682253036654842,0.9124910362136966,0.9158364976546794,2.021282495155636,1.137052547959333,1.1774905289172886,1.207055753377884
2022-05-10 09:00:00,0.9159350356321069,0.9572129582343406,0.9860261794248385,1.001073118384469,1.4537403031440148,1.1089265701895434,1.1606880085757443,1.196201010248664
2022-05-11 09:00:00,1.0010731707317073,1.0201809324982603,0.9735491905354919,0.9815816401110948,2.6470937986483896,1.0931212991525725,1.1684239265326384,1.2105716885910482
2022-05-12 09:00:00,0.9809716401910146,0.9362892223738063,0.946582071223905,0.9740134028294862,0.7316559573518969,1.091692421942403,1.181401353956969,1.2332424466359182
2022-05-13 09:00:00,0.9747410774159899,1.0035455825926465,1.048027027027027,1.0006880207935174,0.5301160877590809,1.062708719851577,1.1613886766827943,1.2218436465495288
2022-05-14 09:00:00,1.0006115272894054,0.9738408672926144,0.9902777419604405,1.0177489177489178,0.44457066848235005,1.0207993022815252,1.1248479995996696,1.1919633697800684
2022-05-15 09:00:00,1.0177489177489178,1.0188107248465572,1.02265625,1.0234943828658642,0.7760346927133646,0.9838724322663109,1.0853745986733814,1.15649863915644
2022-05-16 09:00:00,1.0233943002977457,0.9985365853658537,0.9834479246243952,0.9596636190289933,1.3275576942262637,1.018872456257824,1.113796617077644,1.1955038720195639
2022-05-17 09:00:00,0.9598552638012811,0.9745969711773327,0.9947177628171932,1.000076421438761,0.9432840121980269,1.012291994920182,1.0962870509522233,1.1863250040330455
2022-05-18 09:00:00,1.0,0.9890726817042607,0.9631663890045814,0.9449807687409256,1.188677546608384,1.058942674619647,1.1391304347826088,1.2430505763857067
2022-05-19 09:00:00,0.9449821701477331,0.9903963105615244,0.9999729737034134,1.0453111943718159,1.0062646151206383,1.0113350033154056,1.06940519167956,1.1782705862128244
2022-05-20 09:00:00,1.0453099730458222,1.0054496609952668,1.0072162162162162,0.973749355337803,0.9154514457537942,1.0328939901790917,1.0807831506099608,1.198006814610808
2022-05-21 09:00:00,0.9746525360356876,0.9734083159448318,1.0078085169184534,1.007282453259891,0.47968548369214403,1.0181777892953854,1.0572057032187958,1.1781563565300455
2022-05-22 09:00:00,1.0063230858775596,1.023449141243824,1.0087331593801587,1.0235560112522017,1.1858343790311965,0.9875060084907771,1.019905992345825,1.141621075522907
2022-05-23 09:00:00,1.0235560112522017,1.0017879948914432,0.9821306023333157,0.9615493283332905,1.4827484926377734,1.0200494558331934,1.0476297325212807,1.1763151333831963
2022-05-24 09:00:00,0.9615493283332905,0.9688934217236104,0.9869923943132038,1.0104444919328988,0.7729158106208012,1.004097602241785,1.0312052237819547,1.1537640662313515
2022-05-25 09:00:00,1.0104444919328988,1.0094736842105263,1.0226820966643975,1.0028551034975017,1.012371502305109,1.00438720367546,1.0228021615921972,1.1393383419006196
2022-05-26 09:00:00,1.0029079757844925,0.9966110531803962,0.9690079343948027,0.9928034796362198,1.343885710835992,1.0074269631382902,1.0255642291965377,1.1377595454304072
2022-05-27 09:00:00,0.9927511400479743,0.9910803034266283,1.000522064076496,0.9780946311932451,0.8407592271533039,1.0264020259133866,1.0441784075793359,1.1513713566975232
2022-05-28 09:00:00,0.9787584302479954,0.9863812716091742,1.0054925438716942,1.0053478839210577,0.4416773209800061,1.0170731142810854,1.0345988371046426,1.1330543104534572
2022-05-29 09:00:00,1.00463892355271,1.0066090493136757,1.0057902930653047,1.0093427661068208,0.8865355572875722,1.0017236107926317,1.0204084180488675,1.1115525236311754
2022-05-30 09:00:00,1.010315124348554,1.0629718234981393,1.0109979633401223,1.0580524344569289,3.192397495269115,0.9543976882788514,0.9621356932153392,1.042361567635904
2022-05-31 09:00:00,1.056447948683683,1.0152792017804897,1.055600322320709,1.0094310998735778,1.1784228759955815,0.9529809168363385,0.9542602843807664,1.0247242608688392
2022-06-01 09:00:00,1.0101196650390871,0.9889162561576355,0.9541984732824428,0.9488264909951657,0.9785556204827329,1.0041710665258712,1.003299894403379,1.0697483280535023
2022-06-02 09:00:00,0.9487314348686352,0.963387297633873,1.0015466666666666,1.0135163674762409,0.45986218580700444,0.9934956687405114,0.992165034382163,1.0464654094603043
2022-06-03 09:00:00,1.0135427666314678,0.9987073422957601,0.9952074125352788,0.9859085226088768,1.2440556860716003,1.0115226244258502,1.0047096950322756,1.0501809727616178
2022-06-04 09:00:00,0.9859088896413408,0.9862800931918199,1.0077050671518004,1.0017172597817758,0.38850365753592897,1.0131116905038204,1.0032580792629322,1.0398257551781132
2022-06-05 09:00:00,1.0016907957307408,1.005249343832021,0.9984601497371635,1.001476949045258,0.9421323864843251,1.0138447878888204,1.001664384283156,1.0303398995751254
2022-06-06 09:00:00,1.0015296972254457,1.0431331592689295,1.0095192512231441,1.0410829031918256,3.311735159961188,0.9737717003223428,0.9631471550473878,0.9837996222469559
2022-06-07 09:00:00,1.0410280718386264,0.996120344413296,0.9877258599799821,0.996610340989578,1.8037345348696734,0.9751800308935189,0.9697429649559199,0.982600639626377
2022-06-08 09:00:00,0.9958008701811191,0.9950247506093424,1.0167466666666667,0.9792629067465354,0.6533872955970157,0.9984263164325891,0.9915813483320806,1.0013167102978149
2022-06-09 09:00:00,0.9800589341055733,0.9798227227960302,1.000577003776752,0.9915761644332702,0.5715599197537115,1.006400489932485,1.000564617314931,1.007392304475115
2022-06-10 09:00:00,0.9918094398797336,1.0012886597938144,0.982175622542595,0.9831398996235885,1.5039008576760486,1.0227479042985144,1.0176331392411795,1.0222940097311957
2022-06-11 09:00:00,0.9829609303541095,0.9778635778635779,0.9789164665065385,0.9852968546435883,1.0181626773578605,1.0347023584651087,1.033216399517873,1.035583859535503
2022-06-12 09:00:00,0.9853242230080026,0.978073177151882,0.9460196292257361,0.9368557396513574,1.3629254210920416,1.0910519862072372,1.0984081264281738,1.1010119630547075
2022-06-13 09:00:00,0.9367799034024986,0.9432946685685066,0.8345821325648415,0.8460164756034334,3.431650719914184,1.2402190618859554,1.2801534341095828,1.289383312905715
2022-06-14 09:00:00,0.8460452791059393,0.8617689015691868,0.9465469613259668,0.9815130055835489,0.9239406453824411,1.211205978107362,1.2794732156277824,1.2997051580006245
2022-06-15 09:00:00,0.9814455452286113,0.9788445621585831,0.9738070917846199,1.0147074126747373,1.0283703160821527,1.1480971426618027,1.2366116295764538,1.2694686584851695
2022-06-16 09:00:00,1.014118218398779,1.0018940675099777,1.0008990784445944,0.919495436365501,0.5437500722507775,1.1882933409812733,1.3176617840235951,1.3652960567080576
2022-06-17 09:00:00,0.9201299811869335,0.9425427047464722,0.994572947076877,1.004163878355268,0.7575159139361192,1.1272967683926587,1.2841046525978033,1.3471837591015674
2022-06-18 09:00:00,1.004089219330855,0.9794054441260746,0.9031723930305197,0.9290262865605331,2.062010010225292,1.145299485912406,1.3483096215412003,1.4319212529390666
2022-06-19 09:00:00,0.9291373565346168,0.9852989577619309,0.9916666666666667,1.0617303630494561,0.8835419361184159,1.035405964803157,1.241706078122263,1.3347546480494459
2022-06-20 09:00:00,1.0625597704813516,1.0089448094124633,1.0755882352941177,1.0000375347196155,0.8279197713020309,1.0207344732736017,1.2133118142351338,1.3204493988414718
2022-06-21 09:00:00,0.9991374784369609,1.028914067098293,1.034259150748076,1.0121607927035243,0.8198106492408386,0.9986067627629537,1.1676715986205362,1.2897936984709706
2022-06-22 09:00:00,1.0121607927035243,0.9710404004290311,0.9801329505967669,0.9712982534208477,0.7720424258227645,1.0114261716598218,1.168566665394062,1.313599053182148
2022-06-23 09:00:00,0.9708161827418696,1.0121134020618556,1.0059730250481695,1.0468063986561296,1.481454796779885,0.968916236394992,1.089176605030575,1.2422103893893528
2022-06-24 09:00:00,1.0473262032085562,1.0149514351195024,1.0333269488603716,1.0064918487180423,1.1468136358723946,0.9657053820549852,1.0564022659467815,1.2217112971216677
2022-06-25 09:00:00,1.0063094934169736,1.003189964157706,1.0104911955514364,1.0085154183425735,0.46496077286287435,0.9716102738882273,1.0240586375395229,1.199622736418511
2022-06-26 09:00:00,1.008879385329081,1.012897924184501,1.0057597769462177,0.9866340902558206,0.8749902125990819,0.9890281968577672,1.014629764505948,1.2044913814032532
2022-06-27 09:00:00,0.9869957251140569,0.982363315696649,0.9775670253510852,0.9846686088856519,1.0561226689009797,1.0065196832089098,1.0114945079329858,1.2109237274554039
2022-06-28 09:00:00,0.9839126478616924,0.9858527827648115,0.9876865671641791,0.9818040608010651,0.9397780074078378,1.022913538791039,1.023146369332379,1.2197636895568866
2022-06-29 09:00:00,0.9822439240927755,0.9761072261072261,0.9884019644880997,1.0000376690398163,1.7059906613684983,1.0247852945607956,1.0173798402892873,1.2033925970569033
2022-06-30 09:00:00,1.0007155500320115,0.9928731343283582,0.9469862018881626,0.9794711466023805,1.2445075102478675,1.03848457046165,1.0303708546449768,1.2107705521157817
2022-07-01 09:00:00,0.9784359476140299,1.0188282160171371,1.0130771714562479,0.9828096758066377,0.9293208637375642,1.0452395858954007,1.0448922627432566,1.2158736369802265
2022-07-02 09:00:00,0.9837301434670565,0.9479896717078569,1.003187250996016,0.9963609328533417,0.33609311935915787,1.0357661817426969,1.0446582623152547,1.2033892314338452
2022-07-03 09:00:00,0.9956599937441352,1.0066147859922179,0.9928514694201748,0.9983898205238975,1.1169681495976418,1.0259842431190083,1.0472058322188131,1.1890331209188891
2022-07-04 09:00:00,0.9995680345572354,1.0266718206416698,1.006,1.0384312799937063,1.564115057118927,0.9845502805842213,1.007836155409927,1.130486003257699
2022-07-05 09:00:00,1.0371257955527617,1.0266942771084338,1.0170974155069583,1.0056441531876208,1.3454022802123622,0.9790298973288275,1.0019411380643866,1.1097973481994876
2022-07-06 09:00:00,1.004697147619228,0.9932157394843962,1.0215402658326818,1.0152930540907037,0.7036662454639563,0.9664348784701978,0.9868170463258391,1.0775259083376616
2022-07-07 09:00:00,1.016212344003318,1.0466326982720426,1.017948031074203,1.0430733842843363,1.476741737340269,0.9372576916236884,0.9506242219455806,1.0196526172268658
2022-07-08 09:00:00,1.0436315066968427,1.025999223903764,1.0451127819548873,1.0044815934554507,1.2332972192208642,0.9466581009373404,0.9483233596544032,1.002898858633429
2022-07-09 09:00:00,1.003981655942266,0.983358547655068,1.004136690647482,0.9985482100492192,0.4220216267961582,0.9618996960486322,0.9511276595744681,0.9924704491725769
2022-07-10 09:00:00,0.9985128005382246,0.9867832167832168,0.9737058928891277,0.9686879432624114,1.0994062075078554,1.002902431243757,0.9806152456955987,1.0119900916401263
2022-07-11 09:00:00,0.9687222951168482,0.9682871518673375,0.971266693646297,0.9686275945381997,1.1600713037450943,1.0357142857142858,1.009856386999244,1.0314159737969262
2022-07-12 09:00:00,0.9691400959109712,0.9721154901745527,0.9715909090909091,0.9721466364323507,0.8889684469812191,1.0608071709031939,1.0353794917648278,1.0493112519275876
2022-07-13 09:00:00,0.9716325451386266,1.0073028420854508,0.9824561403508771,1.034521634335031,1.6188070937659509,1.0235670533667602,1.0009895657184371,1.0108376235391379
2022-07-14 09:00:00,1.0342495043346422,1.0276916177734594,1.0358333333333334,1.0196911051820676,0.8347709271210965,0.9986417120745479,0.9831017750752411,0.9892365333824703
2022-07-15 09:00:00,1.0201473462637198,1.0145090909090908,1.0310692257594913,1.0141146121245623,0.8961884456652143,0.9809890668964729,0.973089129539453,0.9733665237299223
2022-07-16 09:00:00,1.0131171702284452,1.0174916663679703,1.007431076763023,1.0123192092448579,0.8526950815510653,0.9672921399596921,0.9667540175419703,0.9626688683873593
2022-07-17 09:00:00,1.0130928135001456,1.0033113749251419,1.0125027660986945,0.9873640377642963,1.1895121103433615,0.9806476744488015,0.9840756226140702,0.9755886808459069
2022-07-18 09:00:00,0.9873994830557151,1.0397457954425757,0.9998907223254289,1.0660607162334121,2.183542776095958,0.9338234577645259,0.9319623490894209,0.9199417956937908
2022-07-19 09:00:00,1.0660607162334121,1.0485259852091986,1.0373770491803278,1.0456312666257417,1.0531180453262687,0.9160749231199329,0.9005566427484236,0.8841639486844967
2022-07-20 09:00:00,1.0451538094263693,1.0251529790660225,1.0580137659783677,0.9949445531637312,0.8519106726912327,0.9389655091671155,0.9137802546030706,0.8928765776102279
2022-07-21 09:00:00,0.9952359198590355,0.9691495711727561,0.9831718003186405,0.9970496639895099,0.8576666435229975,0.957149902538691,0.9240703600197271,0.899297495753192
2022-07-22 09:00:00,0.9972131147540984,1.0114104184900645,1.0085412376354612,0.9889856978464573,0.7133791664556008,0.9799772036474165,0.9387167553191489,0.9136203457446809
2022-07-23 09:00:00,0.9888870623047838,0.9702253132912406,0.9779072102831894,0.9880984042553191,0.7491675345268342,1.0007449988945178,0.9533454455734248,0.927207680057421
2022-07-24 09:00:00,0.9875984971905443,0.9974563953488372,1.0097213664681317,1.0032299306910706,0.9100100160610255,1.0086045820836886,0.9538936213025689,0.9267053457643034
2022-07-25 09:00:00,1.0038378669539456,0.9914886570624275,0.9661671977761204,0.9576430344087464,1.5802771998618206,1.049378392575731,0.9989750773361349,0.9685379092978462
2022-07-26 09:00:00,0.9576430344087464,0.9564099138218985,0.9724912280701754,0.994606898966906,0.7802043372000564,1.0437057045275064,1.0089480417356196,0.9748940764996538
2022-07-27 09:00:00,0.994606898966906,1.0649250864387245,1.016200028864194,1.0634132600964754,1.3020730591323277,0.980034434805642,0.9586694037922433,0.9202503145487054
2022-07-28 09:00:00,1.0633428400408436,1.0354519218155582,1.0598260252085923,1.0336070458910005,1.2743012428911438,0.9518394281504126,0.9373354262100778,0.8953155865927753
2022-07-29 09:00:00,1.0336754966887418,1.013207487410129,1.0373534338358459,1.005990325784028,0.9190734643409728,0.9521944429281075,0.9408164565023563,0.8951386235299112
2022-07-30 09:00:00,1.0059262581285837,1.015942482025633,1.006652672372033,0.996083301490256,0.7547299657947375,0.9630583603922052,0.9525356180002771,0.9042826849099027
2022-07-31 09:00:00,0.9957964460862365,0.9776923076923076,0.9853389368323121,0.9830568076468144,0.9626836165485038,0.9839912290889495,0.975226821891971,0.9254994417525717
2022-08-01 09:00:00,0.9833706427886153,0.9787254130605822,0.9895161815458748,1.0032519267666091,0.9361256477276105,0.991433479813111,0.9792961870495824,0.9283210700895702
2022-08-02 09:00:00,1.0032845528455285,1.0013505257403774,0.9951961042379573,0.996855855563839,1.1463390963344997,1.005490574977471,0.9854891504628124,0.9370282456482626
2022-08-03 09:00:00,0.996855855563839,1.010468514177451,1.0086953646763208,0.9985042596085062,0.8028378370179369,1.009350750851337,0.9870696018409969,0.9431092874820893
2022-08-04 09:00:00,0.9985042596085062,0.9845234690310484,0.9885279753515356,0.9872020320437671,0.8341763517872776,1.0181852453994957,0.9994480180328771,0.9594777063060091
2022-08-05 09:00:00,0.9872997264556468,1.000322788896062,1.0033820750024869,1.01491011050635,1.0851826009738084,1.0002693052389156,0.9855277840976804,0.9495130063596278
2022-08-06 09:00:00,1.014809684016096,0.9952565343659245,1.008195366973993,0.9924269509539442,0.47967710991702817,1.0044072649692615,0.9940394314534617,0.9593993580926181
2022-08-07 09:00:00,0.9924269509539442,1.0018156469863502,0.9977383722835884,1.004945306871029,0.9486467955410809,0.9991573360646198,0.9912400195535278,0.9573331160719136
2022-08-08 09:00:00,1.0052728106373223,1.0332049580892586,1.0078843626806833,1.0252240508391723,2.2732751007637173,0.9773355796433453,0.9703296353984552,0.9372325884484567
2022-08-09 09:00:00,1.0241081609382636,0.9942991386061081,0.9964146023468058,0.9853142185066277,0.9809887641768589,0.9930223662197725,0.990044197825596,0.9551591014184169
2022-08-10 09:00:00,0.986066486400509,1.010395992817314,0.9984298331697743,1.018905055327935,1.5704927429587041,0.9785553711083269,0.9783913286683764,0.942843723944316
2022-08-11 09:00:00,1.018905055327935,1.0251301717955914,1.0346962846471397,1.0059209068169586,1.0497241802228754,0.9793380997347003,0.9759227783023817,0.9436386528171231
2022-08-12 09:00:00,1.0059209068169586,0.9869521579123453,1.000284981476204,1.01882278879446,0.9072511297467725,0.968310853753266,0.9602632229362333,0.9321335887296095
2022-08-13 09:00:00,1.01882278879446,1.0156240369799692,1.0212092434314657,1.0059935739001482,0.5232272971277904,0.9714391007923346,0.9569129660340274,0.9321356182052699
2022-08-14 09:00:00,1.0059935739001482,1.0072822162211366,1.0015499070055798,0.9994472084024323,1.4554962359938766,0.9801367818513836,0.9600294985250738,0.9377990822681088
2022-08-15 09:00:00,0.9994472084024323,1.0076211705877036,0.9947075208913649,0.9969579646017699,1.082604187982366,0.9874689034189728,0.966439615760004,0.945374223044126
2022-08-16 09:00:00,0.9966506882989183,0.9745889387144993,0.9914745324994555,0.9888118354137772,0.6044631561596279,1.0034732426727937,0.9799326725266505,0.9608264239552812
2022-08-17 09:00:00,0.9891166949283182,1.0,0.9833359485328731,0.9833239822953681,1.3905746163156498,1.0203279460578094,0.9982269840766688,0.979471899071227
2022-08-18 09:00:00,0.9833239822953681,0.9748159509202454,1.0047871321886768,1.0054838811931404,0.5076240873077819,1.0145379210952983,0.9949096258932324,0.975243799915931
2022-08-19 09:00:00,1.0054838811931404,0.9987413071525221,0.9087790623808919,0.9040983606557377,3.998260777751593,1.1037729269823557,1.096638538252319,1.0765685659158006
2022-08-20 09:00:00,0.9040983606557377,0.9272188789816944,1.0001398014818956,1.0230838970639515,0.4488838206216793,1.063180446002532,1.0686525789593275,1.051056578050443
2022-08-21 09:00:00,1.0234325964153708,1.0112474090183152,1.013978194017333,1.0040558963871846,0.7150489261884532,1.0439254557181168,1.0619029838080043,1.0461081503106011
2022-08-22 09:00:00,1.003679727427598,0.9930779569892473,0.994520264681555,0.9932448487728708,1.1350612548466812,1.035475051264525,1.0658783321941216,1.0526965140123035
2022-08-23 09:00:00,0.9933125127299884,0.9991202544494823,0.9945940326437259,1.0016062884483936,0.8757063004147608,1.0202876933350882,1.0592736661320958,1.0504270879539588
2022-08-24 09:00:00,1.000888554731554,1.0056556488756434,1.0086756559004912,0.9930733271914559,0.8304678078275539,1.0154127071389303,1.0623259116730803,1.0583825820047645
2022-08-25 09:00:00,0.9937173489944344,0.9934332379188415,1.0029706390328152,1.0067344694887301,1.104481071618745,0.9968210628961481,1.0500250284414105,1.052325369738339
2022-08-26 09:00:00,1.0067347008899425,1.0052542372881357,0.9570877531340405,0.9545733788395905,2.2389842311869192,1.0406368275080062,1.0909340102732787,1.0997425721334335
2022-08-27 09:00:00,0.9540939963821291,0.949249704940145,0.9899244332493703,0.9917766098180129,0.4043416625358943,1.041020121232097,1.088854440799356,1.1046817357030414
2022-08-28 09:00:00,0.9923087930170995,0.9903374777975134,0.9847328244274809,0.9769277911965103,0.7937984021963428,1.0531648505743492,1.1011304230168395,1.1254757248114937
2022-08-29 09:00:00,0.9768917408702549,1.006743668842815,1.0001476559616094,1.0255728993689803,1.4952836362195112,1.0193580886586069,1.0622745154480906,1.0932270677413165
2022-08-30 09:00:00,1.02561074618053,1.0029929452005986,1.0022514209788145,0.9828008059873344,1.1401826561831598,1.0267732926076631,1.0683410216982745,1.1081643113421689
2022-08-31 09:00:00,0.9828008059873344,0.9931438721136767,1.0048241576136991,1.0079080325108003,0.8694308755587259,1.0105495303824399,1.0489357065019977,1.0954486015256084
2022-09-01 09:00:00,1.0075785311561836,0.9934184640698215,0.9931833174521733,1.0038503450780967,0.9750393524253378,0.9980718731261502,1.0354778790949004,1.0874861292034546
2022-09-02 09:00:00,1.0041786272301152,1.008173405825802,1.0078228782287824,0.9976479953683601,1.0229106227650284,0.9983626688497749,1.0278867892592458,1.0862572993362591
2022-09-03 09:00:00,0.9973223331885945,0.9894285714285714,0.9990480374926772,0.9955025207645715,0.5094883827625265,1.0013532574468196,1.0295405690968047,1.087681713848508
2022-09-04 09:00:00,0.9955736158479065,0.9958850707479064,0.9968482005424028,1.0029511422013335,0.9759583557433205,1.0006331216008635,1.022122929380994,1.0805591882204786
2022-09-05 09:00:00,1.0032434402332362,1.0003262051467923,1.000845588235294,0.9920444638186574,1.9347811622987914,1.0061308935306519,1.025071099881602,1.0852881223528263
2022-09-06 09:00:00,0.9920084274764793,1.0032972209138011,0.9625316827682474,0.965286169394705,2.3085588758446725,1.0371490351005543,1.0546033913736201,1.1188498160160845
2022-09-07 09:00:00,0.965286169394705,0.9773925604911521,0.9998091821547151,1.0170327377565342,0.7068239526789332,1.0159428784568658,1.0307323138132538,1.094331717021012
2022-09-08 09:00:00,1.0170706725844998,0.999187112030742,1.0153828536529506,1.0028720626631853,0.7397982735565026,1.0090537646977562,1.022283383543472,1.0861023295024856
2022-09-09 09:00:00,1.002834657416732,1.0951852673618816,1.0098868463591595,1.0916056086584596,2.301434349198239,0.9330348016549039,0.9366087450312323,0.9924224872231686
2022-09-10 09:00:00,1.0913824524863316,1.0095894111291195,1.0795488385944014,1.0128449744463373,0.5852075565576977,0.9321588358827232,0.9286731478678194,0.9775456655565647
2022-09-11 09:00:00,1.0130520719738276,1.0043478260869565,1.0181373056101515,1.0101254751572644,0.6429857804103475,0.9347085577270737,0.9244460725545047,0.9651491940855201
2022-09-12 09:00:00,1.0101254751572644,1.0273393273393274,1.0085684288955872,1.0209138137738112,2.0719419349697015,0.9311577318818969,0.9132437369519834,0.9433052800974252
2022-09-13 09:00:00,1.0218462768083123,1.0145538232148066,0.9469442578912022,0.9254632045929019,1.9926704908436164,1.0162741632552355,0.9881569207994079,1.01437618225183
2022-09-14 09:00:00,0.9246186937817755,0.9205431309904153,0.9818439716312056,0.9990483239928095,0.5723761506951226,1.0249737913793797,0.9915208392134727,1.0105195691033964
2022-09-15 09:00:00,0.9993303020690142,0.9897615659598098,1.0031060387171338,0.9887101326559413,0.7961397327237693,1.0424737979690877,1.0040179845846418,1.0172316585783614
2022-09-16 09:00:00,0.9886075056433409,0.9879023774458237,0.9884424281702312,0.9961104767342278,0.7710387499142098,1.039200634579463,1.0086046928174817,1.016866678607678
2022-09-17 09:00:00,0.9959684612365765,1.0065310758527668,1.0160273922704257,1.0092781658606484,0.6055315139605987,1.0217728604894076,1.0007595655568964,1.0033233950924019
2022-09-18 09:00:00,1.0092420117495342,0.9946750361462778,0.9780231599325996,0.9757222971534039,1.2401314070909655,1.0340071714389647,1.025764520431672,1.0268473384260943
2022-09-19 09:00:00,0.9757222971534039,0.9831950648798128,0.9609970674486803,1.0027646416878866,2.418922477204776,1.0151428778723273,1.023028368279765,1.0218711456141625
2022-09-20 09:00:00,1.0027646416878866,0.9990985143516515,1.0139609398840403,0.9706522527751578,0.5404672436427884,1.0372185649683126,1.0525843704451172,1.0494014027481904
2022-09-21 09:00:00,0.9706522527751578,1.0096365539394376,0.9855917538183734,0.9918152259221886,1.7608801676994628,1.0360561136052884,1.0617152762077022,1.0546423995779637
2022-09-22 09:00:00,0.9912546249579549,0.990133695574462,1.0106492614221916,1.0389629964579095,0.6436662321244205,0.994860210151085,1.0237414768605833,1.012993858503796
2022-09-23 09:00:00,1.0395128756173886,1.0032493320817388,1.008724223883979,1.0007979109241258,1.2155954560179505,0.9924051812505824,1.024633374405064,1.0103621560242564
2022-09-24 09:00:00,1.000725399876682,0.9936303440333957,1.014676700737579,0.9882583170254403,0.4010555375092706,0.9994604222326994,1.031722283339445,1.0198850996210733
2022-09-25 09:00:00,0.988365771447211,0.9959436456484735,0.9929522895834102,0.991969196919692,0.8571724098197703,1.0052335007419848,1.033479969933336,1.0270107081685211
2022-09-26 09:00:00,0.991969196919692,1.0090912396814429,1.0033444816053512,1.0201840967062217,1.864645749731379,0.985505670906258,1.0071601985723087,1.0065200323706682
2022-09-27 09:00:00,1.0204428671768142,1.049118887167105,1.0048148148148148,0.9965213610175019,2.4412601814340675,0.9928106510412608,1.0030277686871993,1.0105208295455923
2022-09-28 09:00:00,0.9960512969134908,0.976264083539434,0.9878363435311464,1.0163994036580488,0.686221713396084,0.984018521547142,0.9858447815302422,0.9944070788017554
2022-09-29 09:00:00,1.0166212038552465,0.9938425811899652,1.0182835820895522,1.0028978248425873,0.8312860243651687,0.9835245195713216,0.9822566261192166,0.992388732327376
2022-09-30 09:00:00,1.0024327418431598,1.0210649295475465,1.0106266031513376,0.9961117254664146,1.0629895042720754,0.989051916426218,0.9858520746788902,0.9967327985484411
2022-10-01 09:00:00,0.9965738758029978,0.9711175063277973,1.004205946337926,0.9979945566537746,0.3708301236123864,0.9941048616949292,0.9877206832208986,0.9990132051098034
2022-10-02 09:00:00,0.9979945566537746,0.998286203941731,0.9933564413633738,0.9936486292521889,1.2092583590687873,1.0037608918833867,0.9928713300350295,1.0055433173233181
2022-10-03 09:00:00,0.9929668436916894,1.0148426323319026,1.002871474265775,1.0219565923946408,1.2845472888201643,0.9857390215706764,0.9734454692156377,0.9849429308456129
2022-10-04 09:00:00,1.021971668112171,1.0253392070484582,1.0200790112717915,1.0240644545743667,1.3988027552781543,0.9698659173814453,0.9538233264320221,0.9634679089026915
2022-10-05 09:00:00,1.0237623762376238,0.9973534062005912,1.0062888612542191,0.9910628019323672,0.9311322762186426,0.9824369426054604,0.9669835080022747,0.9737950164223623
2022-10-06 09:00:00,0.9919867366675877,0.997001757590378,0.99887013628981,0.9894502280561261,0.9317781107600513,0.9948473301629752,0.981704084265841,0.9865906585028268
2022-10-07 09:00:00,0.9894846796657382,0.9857241617697892,0.9778366914103923,0.9784291646139771,1.128133068507453,1.016168726077016,1.0039057723431037,1.0095342564287
2022-10-08 09:00:00,0.9786051094376803,0.9795209874811516,0.9977948884791961,0.9977701852184859,0.38899520748928823,1.0177959948712931,1.0065073471986927,1.0128188491991974
2022-10-09 09:00:00,0.9975907946781734,0.9982816024057566,1.0007245851749873,0.9976931117759434,0.7786541833297919,1.0200874309042958,1.0098197189204812,1.0131483555523442
2022-10-10 09:00:00,0.9976931117759434,0.9981351981351981,0.9904786040112954,0.9899562845478521,2.557882441926523,1.025755055863446,1.0209165115628382,1.020597788401883
2022-10-11 09:00:00,0.9898117706564543,0.9944310710307908,0.9916663620746372,0.997737308857341,0.8895544657107716,1.0195064089500607,1.0226026311618324,1.019633734469683
2022-10-12 09:00:00,0.997882979888309,0.9943998843847098,1.0045704176034793,1.0044259117012326,0.5629414385318352,1.0084538549578608,1.0179970866715222,1.011261228453508
2022-10-13 09:00:00,1.0044259117012326,1.0196199542201068,0.9686296092460099,1.0127458120903132,3.9039947126423544,0.9926388246776596,1.0048447800551359,0.9978616804506771
2022-10-14 09:00:00,1.0126729788783686,1.016961835869294,1.0416666666666667,0.9946062567421791,0.6436016596835908,0.9972730089866749,1.0093950349481804,1.0024487828392383
2022-10-15 09:00:00,0.9945339470655926,0.9713725077963489,0.9967272727272727,0.9950831525668836,0.35295895962946006,1.0010640064774639,1.013413748001744,1.0067964927578357
2022-10-16 09:00:00,0.9960948799537171,1.0064208931534522,1.0033564392557461,1.0047594826333381,0.8656291775507604,0.9961980525350621,1.0080998011209545,1.0017139757729163
2022-10-17 09:00:00,1.0038841295193843,1.010752688172043,1.0008726638062686,1.0122220213342976,2.0614473070588333,0.9871906752198254,0.9966467807428047,0.9894033032067541
2022-10-18 09:00:00,1.0122943409871632,0.999290780141844,1.0001453171546901,0.9935340978101668,1.0962099655942392,0.9960448727168129,1.0019655784074022,0.9962282467999425
2022-10-19 09:00:00,0.9938917663868548,0.9874024130589071,1.0002179440610244,0.9944268661009636,0.8669799466122758,1.0026446417595132,1.00439189596365,1.0019211531740004
2022-10-20 09:00:00,0.9933510638297872,0.9991015274034142,0.9950610110400929,0.9945041038435116,0.8489636094827587,1.0066013971485703,1.0069950918014907,1.008364539780646
2022-10-21 09:00:00,0.9951517782843085,0.9964028776978417,0.9901459854014598,1.0027267769496455,1.0314449084862216,1.0034497047549984,1.002231085327532,1.006881798404641
2022-10-22 09:00:00,1.003453917469551,1.0,1.0153704386288243,1.0014503263234227,0.7356873868825137,1.0024930174821558,1.000333091962346,1.0054815351194786
2022-10-23 09:00:00,1.0007246376811594,1.016317689530686,0.9977129996006825,1.0130702389572774,1.3369496290646177,0.9912236364471809,0.9879942341827193,0.992970229798792
2022-10-24 09:00:00,1.0130702389572774,0.9973358908780904,1.0065128802212195,0.9936385404381545,1.148109511598624,0.9965933789262207,0.9946168878658178,0.9999664304811232
2022-10-25 09:00:00,0.9936385404381545,1.027317733376073,0.9984817264938727,1.0248534330827608,1.5656501538103926,0.9758445386998768,0.9730539762757071,0.9774045997987881
2022-10-26 09:00:00,1.0248534330827608,1.020905560948551,1.0307374823503856,1.0205306380290589,1.2220780464340548,0.963198773783732,0.9574675882939578,0.9594403750702111
2022-10-27 09:00:00,1.021829157015512,0.9929025028016436,1.0021074815595363,0.983183740843908,0.864983509536935,0.9850946884525058,0.976478955345692,0.9771202051999535
2022-10-28 09:00:00,0.9819343316389614,0.9981188863807374,0.9936908517350158,1.012871633438265,0.662129663197737,0.9793740688484801,0.9667127103621337,0.9658609019959942
2022-10-29 09:00:00,1.0119622245540398,1.0107596888599528,1.019753086419753,1.004592858622833,1.81361374128198,0.9821201451602606,0.965572399252919,0.9626574083622655
2022-10-30 09:00:00,1.0054956449605972,0.9950164423500695,0.9997232791421653,0.9953937643944862,0.5050520989685989,0.991479977700926,0.9733397796733086,0.9683012743032773
2022-10-31 09:00:00,0.9953937643944862,0.9954684838160136,0.988858902498097,0.9938184204164796,1.2049521536721262,1.0024870188536879,0.9819955058262099,0.9753781824078578
2022-11-01 09:00:00,0.9938184204164796,0.9901084984769142,1.001889433170049,0.998992285773855,0.7761118679690621,1.0047653831437615,0.984739179333774,0.9775887856968938
2022-11-02 09:00:00,0.9991312808395302,1.0128249446902655,0.9953202486554446,0.9959302932275905,2.5727983607123517,1.0066409212469565,0.9906724410915525,0.9819712210114557
2022-11-03 09:00:00,0.9957917434702466,0.9863817877743267,0.998,1.0021304833752445,0.8953122724007802,1.0050136668475635,0.9909734081483289,0.9795501806480094
2022-11-04 09:00:00,1.0018510757194747,1.026955017301038,1.008437928488556,1.0242219356637507,1.1785261558283102,0.9833362499756946,0.9718093552924095,0.9571412367859898
2022-11-05 09:00:00,1.0245075823601186,1.0064355268034637,1.0216504549733292,1.01252211787124,0.696885682162394,0.9743677145545676,0.9646659497244253,0.9468028856925215
2022-11-06 09:00:00,1.01252211787124,0.9999665215935721,1.0032760032760033,0.990489313079715,0.5649406055613708,0.9862246802157907,0.9781200873115506,0.9577805675250795
2022-11-07 09:00:00,0.9903884930770265,0.9929358197462251,0.9792517006802721,0.9820852984087131,1.6623831151789135,1.0050391135898131,0.9981827604076697,0.976636149018253
2022-11-08 09:00:00,0.982185273159145,0.9784880976465035,0.8976033344911427,0.920711694593194,4.159450982376121,1.0803377110694183,1.0812582864290181,1.0594534083802376
2022-11-09 09:00:00,0.92078079115564,0.9246037215713301,0.873152232799319,0.86,1.0284292569990423,1.2205967600182006,1.241060546562532,1.2254039588696424
2022-11-10 09:00:00,0.860123067687228,0.936195587358378,1.0122318737812444,1.081155373271085,0.9288419806177616,1.1064092290130467,1.1363331853585699,1.1299769966503894
2022-11-11 09:00:00,1.080919560286163,0.9923566878980892,1.0070052539404553,0.9546793655918318,0.614967196222987,1.1243175998840522,1.176372449554729,1.1782592154210347
2022-11-12 09:00:00,0.9547197223455345,0.9529444801026957,1.0026521739130434,0.9883327696990193,0.37326831896321605,1.0986313088109496,1.1743541488451668,1.1858525805531792
2022-11-13 09:00:00,0.9882909920953629,0.9898968638181436,0.9756732145180175,0.9627887082976904,1.5081957890305533,1.0969029637621375,1.200251739967422,1.2240589367688435
2022-11-14 09:00:00,0.9628314798973482,0.9967254943652988,0.9559555555555556,1.0084851177254555,1.8772822025742129,1.0483804992857457,1.1717809788115061,1.2066781199066121
2022-11-15 09:00:00,1.0086624317000576,0.990698865090878,1.0474685015574876,1.013303378705784,0.4505442087695573,1.011967383136361,1.1396600443420424,1.184094828210813
2022-11-16 09:00:00,1.0130802431075487,0.9975021533161068,1.0008877052818463,0.9978698430639482,0.7950284883047025,1.0143454611085525,1.1252621184397782,1.1793049867851646
2022-11-17 09:00:00,0.9978698430639482,0.9946895777566704,1.0027937915742793,1.0012198309662803,0.6622033811146286,1.0019394059947537,1.1075015229309895,1.1708627041452733
2022-11-18 09:00:00,1.0012198309662803,1.0126307565432529,1.0126918144430195,1.0034374728048037,1.110541707379838,0.994821188524844,1.0874261017880114,1.160208432707457
2022-11-19 09:00:00,1.0034809851187887,0.9942991855979426,1.0012227074235809,1.0008672650795716,0.635886273572529,0.9921085370156034,1.0682668284158687,1.1528140028594949
2022-11-20 09:00:00,1.0008672274737664,0.9970254774324266,0.9879187020237264,0.987305576014904,1.7777206901441847,1.0066074876501416,1.0616172254402902,1.1606269381545844
2022-11-21 09:00:00,0.9861797071310978,0.9862504323763404,0.9712595470398658,0.9750746006670177,1.3498658571339865,1.0292464960781793,1.066993699369937,1.1821947194719473
2022-11-22 09:00:00,0.9761454992751395,0.9960105217010083,1.001409090909091,1.0163816381638164,0.8927523632800928,1.0100070846617073,1.0310190105089148,1.1551747549887827
2022-11-23 09:00:00,1.017056705670567,1.0176944407764426,1.022422949480278,1.01775593340418,0.9368102354860823,0.9925790111563442,1.0024015662388515,1.128034225219346
2022-11-24 09:00:00,1.0170804017876898,1.0042818217205138,1.0018201997780245,0.9892538612138351,0.9175244747958728,1.001828279909026,1.012759844020289,1.1318497669100185
2022-11-25 09:00:00,0.9891233413095497,0.9816537467700258,0.9913143667464327,0.997273287008532,0.7226276119358184,1.0021419751530882,1.0093461515846416,1.1255321338272477
2022-11-26 09:00:00,0.9974488673850891,1.0029832412038255,1.0105051408135897,0.999294408184865,0.7162267419769158,1.0001954356323288,1.0071285672256545,1.117603706972639
2022-11-27 09:00:00,0.9986329761432288,0.9961508179511853,1.0,0.9993821712268314,0.9256671320621058,0.9999179924553059,1.005590391239071,1.1090037975801466
2022-11-28 09:00:00,1.0006623686302216,0.9963115833845614,0.9828356558283565,0.9864435220347965,1.7993959543879277,1.0144206480658426,1.0188996821701957,1.1141695390721758
2022-11-29 09:00:00,0.9853492784960947,0.9967827236668135,0.997209344195886,1.00349165137204,0.7051814310576134,1.0098267258904274,1.014509821415295,1.1005680212933635
2022-11-30 09:00:00,1.0039410631913654,1.0219304063315204,1.0117354998871586,1.015746977740108,1.2576290934405752,0.9928226363008972,0.9980998389694041,1.07471087688479
